n,p_removed,tc_mean,tc_err,chi_peak_mean,chi_peak_err,mean_degree,mean_degree_err,n_realizations,tc_over_tc0,tc_over_tc0_err
28,0.0,4.5277120007186085,0.0049504623499919,104.3206627468462,6.763426191888228,6.0,0.0,4,1.0,0.0
28,0.1,4.0470722421533685,0.0059864031605734,136.4241347334755,18.713658091605872,5.400054664723032,0.0,12,0.8938448915282253,0.0016441572777031
28,0.2,3.529513572134781,0.0366861254791051,145.6245694129102,44.49703231120729,4.800018221574344,2.6779586954873797e-16,12,0.7795357945855654,0.0081472799196653
28,0.3,3.079212424308506,0.0055805272674465,103.42995829825423,12.105968313195543,4.200072886297376,0.0,12,0.6800813355221785,0.0014394562600679
28,0.4,2.4793945102852164,0.0726077649923809,196.28331676667827,58.35854979995713,3.600036443148688,0.0,12,0.5476042888531124,0.0160474770782926
28,0.5,1.821797690778041,0.0945582531293004,259.03432056859066,52.40606940152843,3.0,0.0,12,0.4023660715365503,0.0208889679277306
