p_removed,tc_mean,tc_err,chi_peak_mean,chi_peak_err,mean_degree,mean_degree_err,n_realizations,tc_over_tc0,tc_over_tc0_err
0.0,4.500112848074816,0.0043345370764471544,419.0959931667894,34.40133798452031,6.0,0.0,8,1.0,0.0
0.1,3.9695777361629667,0.05382125038914273,243.92582608817293,69.91206735387563,5.4000244140625,0.0,12,0.8821062649264859,0.011990120015261766
0.2,3.537937161128831,0.030818133080770832,205.91211478967065,35.01181109894901,4.800048828125,0.0,12,0.7861885425034149,0.006890042779575739
0.3,3.033665208055629,0.0503391668774382,170.91683853503005,61.97514050805762,4.20001220703125,0.0,12,0.6741309185953981,0.011205030956813241
0.4,2.486771395955193,0.06856007963321721,145.80423770245156,33.69283060824871,3.60003662109375,0.0,12,0.5526020079738786,0.015244486274747887
0.5,1.649777483987247,0.0796275325085443,460.84869717691754,65.52342428016192,3.0,0.0,12,0.36660802510608925,0.017698086628002038
