tau_q,rho
100,0.03030000
215,0.01698333
464,0.00005000
1000,0.00000000
2154,0.00000000
4642,0.00005000
10000,0.00000000
21544,0.00000000
46416,0.00000000
100000,0.00000000
